               epoch,      train/box_loss,      train/obj_loss,      train/cls_loss,   metrics/precision,      metrics/recall,     metrics/mAP_0.5,metrics/mAP_0.5:0.95,        val/box_loss,        val/obj_loss,        val/cls_loss,               x/lr0,               x/lr1,               x/lr2
                   0,             0.11764,            0.037835,                   0,           0.0071795,             0.47727,           0.0092095,           0.0016973,             0.10773,            0.027035,                   0,              0.0946,              0.0006,              0.0006
                   1,             0.10765,            0.049934,                   0,            0.008547,             0.56818,            0.016106,           0.0029972,            0.095205,            0.031822,                   0,            0.088294,           0.0012936,           0.0012936
                   2,             0.10033,            0.056186,                   0,            0.011788,             0.69886,            0.025472,            0.005482,            0.087566,            0.034637,                   0,             0.08198,           0.0019802,           0.0019802
                   3,            0.093781,            0.055551,                   0,            0.067578,             0.29545,            0.048047,              0.0113,            0.078336,            0.037643,                   0,             0.07566,           0.0026599,           0.0026599
                   4,            0.087077,            0.059387,                   0,             0.11419,               0.375,            0.090928,            0.023769,            0.071977,            0.041122,                   0,            0.069333,           0.0033327,           0.0033327
                   5,            0.081759,            0.057097,                   0,             0.15076,             0.41356,             0.13405,            0.037785,            0.069067,            0.038872,                   0,            0.062999,           0.0039985,           0.0039985
                   6,            0.076772,            0.055994,                   0,             0.23005,             0.30114,             0.20822,            0.048907,              0.0683,            0.035072,                   0,            0.056657,           0.0046574,           0.0046574
                   7,            0.080652,             0.05635,                   0,             0.16456,             0.45455,             0.20095,            0.051573,            0.070415,             0.03384,                   0,            0.050309,           0.0053094,           0.0053094
                   8,             0.07983,            0.054051,                   0,             0.20935,             0.23864,              0.2131,            0.064406,            0.070394,            0.032242,                   0,            0.043954,           0.0059545,           0.0059545
                   9,            0.078739,            0.056233,                   0,             0.16675,             0.45824,             0.15557,            0.033458,            0.078619,            0.031601,                   0,            0.037593,           0.0065926,           0.0065926
                  10,             0.07751,            0.053281,                   0,             0.17971,             0.40909,             0.17811,            0.043254,            0.074559,            0.031105,                   0,            0.031224,           0.0072238,           0.0072238
                  11,            0.075611,            0.053066,                   0,             0.08506,             0.52273,            0.074846,            0.023075,            0.078121,            0.030956,                   0,            0.024848,           0.0078481,           0.0078481
                  12,            0.080369,             0.04975,                   0,             0.31983,             0.46591,             0.29275,            0.079119,                0.07,            0.030895,                   0,            0.018465,           0.0084654,           0.0084654
                  13,            0.075996,            0.050648,                   0,             0.26642,             0.34091,             0.22813,            0.057137,            0.074306,            0.029755,                   0,            0.012076,           0.0090758,           0.0090758
                  14,            0.077233,            0.047836,                   0,             0.15222,             0.46591,             0.14283,            0.043801,             0.07584,            0.031109,                   0,            0.009307,            0.009307,            0.009307
                  15,            0.079122,            0.049012,                   0,             0.21318,             0.41872,             0.22772,             0.05225,             0.06997,            0.030663,                   0,            0.009307,            0.009307,            0.009307
                  16,            0.072575,            0.049858,                   0,             0.31849,             0.53409,             0.32714,             0.11227,            0.068758,            0.031536,                   0,           0.0092575,           0.0092575,           0.0092575
                  17,            0.069558,            0.049287,                   0,             0.30853,             0.38068,             0.31204,             0.10833,            0.068939,            0.032185,                   0,            0.009208,            0.009208,            0.009208
                  18,            0.070584,            0.047969,                   0,             0.43351,             0.40341,             0.41685,             0.12219,              0.0619,            0.030392,                   0,           0.0091585,           0.0091585,           0.0091585
                  19,            0.066858,            0.049008,                   0,             0.37121,             0.52998,             0.38426,            0.086317,            0.065611,            0.028599,                   0,            0.009109,            0.009109,            0.009109
                  20,            0.068292,            0.047542,                   0,             0.28548,             0.51136,             0.34931,             0.12064,            0.064427,            0.034985,                   0,           0.0090595,           0.0090595,           0.0090595
                  21,            0.064915,            0.049116,                   0,             0.41617,             0.57955,             0.48436,             0.18569,            0.056537,            0.029854,                   0,             0.00901,             0.00901,             0.00901
                  22,            0.063604,            0.045417,                   0,             0.25131,                 0.5,             0.28817,             0.11031,            0.057283,              0.0382,                   0,           0.0089605,           0.0089605,           0.0089605
                  23,            0.062204,            0.046134,                   0,             0.35343,             0.61807,             0.43931,             0.20287,            0.054351,            0.033382,                   0,            0.008911,            0.008911,            0.008911
                  24,            0.062331,            0.048574,                   0,             0.41775,             0.68488,              0.5026,             0.14138,            0.060737,            0.030197,                   0,           0.0088615,           0.0088615,           0.0088615
                  25,             0.05994,            0.047115,                   0,             0.47918,               0.625,             0.56045,             0.24637,            0.053201,            0.029488,                   0,            0.008812,            0.008812,            0.008812
                  26,             0.06098,            0.046676,                   0,             0.36541,             0.69886,             0.42554,             0.15626,             0.05525,            0.029194,                   0,           0.0087625,           0.0087625,           0.0087625
                  27,            0.059581,             0.04692,                   0,             0.44563,             0.55682,             0.49743,             0.25391,             0.05232,            0.029148,                   0,            0.008713,            0.008713,            0.008713
                  28,            0.060842,            0.045236,                   0,             0.42573,              0.7666,             0.56269,              0.2161,            0.055021,            0.027885,                   0,           0.0086635,           0.0086635,           0.0086635
                  29,            0.057272,            0.047521,                   0,             0.46534,              0.6875,             0.54195,               0.247,            0.053246,            0.028492,                   0,            0.008614,            0.008614,            0.008614
                  30,            0.058507,            0.043732,                   0,             0.51992,             0.68182,             0.56191,             0.23259,            0.052607,            0.026649,                   0,           0.0085645,           0.0085645,           0.0085645
                  31,            0.056006,            0.046273,                   0,             0.39554,             0.64773,             0.48207,             0.22505,            0.051853,             0.02961,                   0,            0.008515,            0.008515,            0.008515
                  32,            0.057556,             0.04471,                   0,              0.4629,             0.69886,             0.55938,             0.27419,             0.05038,            0.028374,                   0,           0.0084655,           0.0084655,           0.0084655
                  33,            0.055883,            0.044422,                   0,             0.51805,             0.64205,             0.61501,             0.29576,            0.049905,            0.026924,                   0,            0.008416,            0.008416,            0.008416
                  34,             0.05621,            0.046899,                   0,             0.38557,             0.67614,              0.4747,             0.22922,            0.052921,             0.03323,                   0,           0.0083665,           0.0083665,           0.0083665
                  35,            0.054723,            0.045422,                   0,             0.41262,             0.57386,             0.47362,             0.20177,            0.056863,            0.030746,                   0,            0.008317,            0.008317,            0.008317
                  36,            0.054329,            0.043419,                   0,             0.45085,             0.65308,             0.53773,             0.22938,            0.053297,            0.030899,                   0,           0.0082675,           0.0082675,           0.0082675
                  37,            0.053691,            0.045502,                   0,             0.44382,             0.67045,             0.53539,             0.24903,            0.050392,            0.028999,                   0,            0.008218,            0.008218,            0.008218
                  38,            0.056342,            0.044783,                   0,             0.48402,             0.59091,              0.5097,             0.23767,            0.053256,            0.029572,                   0,           0.0081685,           0.0081685,           0.0081685
                  39,            0.053473,             0.04422,                   0,             0.50818,             0.60227,             0.57043,             0.23685,            0.051943,            0.027752,                   0,            0.008119,            0.008119,            0.008119
                  40,            0.054915,            0.042668,                   0,             0.48953,             0.61932,             0.58528,             0.25351,            0.052393,            0.027142,                   0,           0.0080695,           0.0080695,           0.0080695
                  41,            0.054411,            0.042461,                   0,             0.51257,             0.67045,             0.60052,             0.26723,            0.051573,             0.02663,                   0,             0.00802,             0.00802,             0.00802
                  42,            0.054559,            0.042527,                   0,             0.56462,             0.78842,             0.69531,             0.32128,            0.050039,            0.025177,                   0,           0.0079705,           0.0079705,           0.0079705
                  43,            0.053168,            0.043004,                   0,              0.5079,             0.77273,             0.66897,              0.3117,            0.048011,            0.025322,                   0,            0.007921,            0.007921,            0.007921
                  44,            0.053458,            0.041962,                   0,             0.56598,             0.71023,             0.71198,             0.32709,            0.050016,            0.024872,                   0,           0.0078715,           0.0078715,           0.0078715
                  45,            0.053463,            0.041666,                   0,             0.53152,             0.74432,              0.6713,             0.31509,            0.048733,            0.025185,                   0,            0.007822,            0.007822,            0.007822
                  46,            0.052102,            0.041391,                   0,             0.57934,             0.67614,              0.6994,             0.32976,            0.049662,            0.024635,                   0,           0.0077725,           0.0077725,           0.0077725
                  47,            0.052148,            0.042341,                   0,             0.49011,             0.72159,             0.64976,             0.31472,            0.048808,            0.026367,                   0,            0.007723,            0.007723,            0.007723
                  48,            0.052881,            0.042058,                   0,             0.52231,             0.59659,             0.62102,             0.30309,            0.049429,            0.027859,                   0,           0.0076735,           0.0076735,           0.0076735
                  49,            0.051834,            0.041782,                   0,             0.44714,             0.65909,             0.59577,             0.29648,            0.047806,             0.02774,                   0,            0.007624,            0.007624,            0.007624
                  50,            0.051394,            0.041605,                   0,             0.49593,             0.53977,             0.55695,             0.26477,            0.049742,            0.028877,                   0,           0.0075745,           0.0075745,           0.0075745
                  51,            0.051744,            0.041961,                   0,             0.51694,             0.60795,             0.62373,             0.30396,             0.04814,            0.027046,                   0,            0.007525,            0.007525,            0.007525
                  52,            0.052268,            0.042699,                   0,             0.52828,             0.73813,             0.64281,              0.2722,            0.049469,            0.027027,                   0,           0.0074755,           0.0074755,           0.0074755
                  53,            0.049509,            0.042365,                   0,             0.50877,             0.75324,             0.68673,             0.33165,            0.048454,            0.025997,                   0,            0.007426,            0.007426,            0.007426
                  54,            0.050382,            0.041921,                   0,             0.52103,             0.69886,             0.62035,             0.28398,             0.05113,            0.027435,                   0,           0.0073765,           0.0073765,           0.0073765
                  55,            0.051878,            0.042723,                   0,             0.54478,             0.65277,             0.62977,              0.3198,            0.048861,            0.026844,                   0,            0.007327,            0.007327,            0.007327
                  56,            0.051684,            0.038884,                   0,             0.45183,             0.55682,             0.53066,             0.25787,            0.050725,            0.030975,                   0,           0.0072775,           0.0072775,           0.0072775
                  57,            0.050437,            0.040617,                   0,             0.55932,             0.57692,             0.57971,             0.23911,            0.050674,            0.028587,                   0,            0.007228,            0.007228,            0.007228
                  58,            0.048865,            0.043057,                   0,             0.62056,             0.71591,              0.7418,             0.36632,            0.046778,            0.025238,                   0,           0.0071785,           0.0071785,           0.0071785
                  59,            0.049708,            0.041226,                   0,             0.60525,             0.63594,             0.69112,             0.35764,            0.046429,            0.026016,                   0,            0.007129,            0.007129,            0.007129
                  60,            0.048786,             0.04104,                   0,             0.66893,             0.57955,              0.7217,             0.34795,            0.046889,             0.02486,                   0,           0.0070795,           0.0070795,           0.0070795
                  61,            0.048824,            0.040921,                   0,             0.62567,               0.625,             0.70675,             0.36067,            0.046082,            0.024982,                   0,             0.00703,             0.00703,             0.00703
                  62,            0.049722,            0.040746,                   0,             0.61652,             0.60289,             0.66343,             0.31995,            0.047665,            0.026764,                   0,           0.0069805,           0.0069805,           0.0069805
                  63,            0.048819,            0.040915,                   0,             0.58501,             0.64205,             0.65796,             0.32464,            0.048448,            0.026897,                   0,            0.006931,            0.006931,            0.006931
                  64,            0.050262,            0.039699,                   0,             0.62868,             0.65909,             0.71321,             0.36524,            0.046746,             0.02528,                   0,           0.0068815,           0.0068815,           0.0068815
                  65,             0.04897,            0.041079,                   0,             0.51883,             0.63068,             0.61004,             0.29632,            0.050674,             0.02832,                   0,            0.006832,            0.006832,            0.006832
                  66,            0.048221,            0.039823,                   0,             0.57334,             0.66477,             0.67481,             0.34523,            0.047978,            0.026997,                   0,           0.0067825,           0.0067825,           0.0067825
                  67,            0.048815,             0.03952,                   0,             0.57926,             0.60795,             0.66743,              0.3169,            0.048808,            0.026619,                   0,            0.006733,            0.006733,            0.006733
                  68,            0.049694,            0.042465,                   0,             0.56866,             0.55432,             0.60619,             0.28215,            0.049233,            0.028748,                   0,           0.0066835,           0.0066835,           0.0066835
                  69,            0.048134,            0.039846,                   0,             0.56261,             0.67237,              0.6703,             0.32615,            0.049296,            0.026604,                   0,            0.006634,            0.006634,            0.006634
                  70,            0.047766,            0.039049,                   0,             0.58322,             0.65991,             0.71629,             0.35482,            0.047394,            0.025532,                   0,           0.0065845,           0.0065845,           0.0065845
                  71,             0.04859,            0.040639,                   0,             0.57546,             0.71023,             0.72344,             0.35215,            0.046171,            0.025921,                   0,            0.006535,            0.006535,            0.006535
                  72,            0.047734,            0.040691,                   0,             0.58563,             0.63438,             0.67133,             0.31985,             0.04876,            0.026215,                   0,           0.0064855,           0.0064855,           0.0064855
                  73,            0.048922,            0.040092,                   0,             0.55887,             0.59659,             0.62598,              0.2794,            0.049297,            0.028049,                   0,            0.006436,            0.006436,            0.006436
                  74,            0.047371,             0.04039,                   0,             0.57196,             0.55114,             0.60821,             0.27159,            0.049596,            0.028831,                   0,           0.0063865,           0.0063865,           0.0063865
                  75,            0.048564,            0.039662,                   0,             0.66452,             0.64773,               0.711,             0.34776,            0.046602,            0.027855,                   0,            0.006337,            0.006337,            0.006337
                  76,            0.048133,            0.039333,                   0,             0.62241,             0.60227,             0.65964,             0.30704,            0.049161,            0.029675,                   0,           0.0062875,           0.0062875,           0.0062875
                  77,            0.050487,            0.041299,                   0,             0.56859,             0.62905,             0.64158,             0.30437,            0.048358,            0.028366,                   0,            0.006238,            0.006238,            0.006238
                  78,            0.047146,            0.039689,                   0,             0.42046,             0.64205,             0.52802,             0.22894,            0.051315,            0.028858,                   0,           0.0061885,           0.0061885,           0.0061885
                  79,            0.046522,            0.038888,                   0,               0.569,             0.69009,             0.65306,             0.31298,            0.048058,            0.026127,                   0,            0.006139,            0.006139,            0.006139
                  80,            0.047996,             0.03815,                   0,             0.51514,             0.57386,              0.5818,             0.27916,            0.050882,            0.027691,                   0,           0.0060895,           0.0060895,           0.0060895
                  81,            0.048695,            0.039981,                   0,             0.36146,             0.49432,              0.4141,             0.15751,            0.055932,            0.031704,                   0,             0.00604,             0.00604,             0.00604
                  82,            0.047289,            0.041259,                   0,             0.44461,             0.59091,             0.54891,             0.24492,            0.051441,            0.028305,                   0,           0.0059905,           0.0059905,           0.0059905
                  83,            0.047769,            0.041032,                   0,             0.43175,             0.64773,             0.54416,             0.22988,            0.052938,            0.028286,                   0,            0.005941,            0.005941,            0.005941
                  84,            0.047234,            0.040736,                   0,              0.4261,             0.52841,             0.49011,             0.20219,            0.053476,            0.030518,                   0,           0.0058915,           0.0058915,           0.0058915
                  85,            0.045918,            0.039063,                   0,             0.57347,             0.64168,             0.64752,             0.29763,            0.049389,             0.02779,                   0,            0.005842,            0.005842,            0.005842
                  86,            0.047502,            0.038027,                   0,             0.58031,             0.70708,             0.67566,             0.31104,            0.048747,            0.026333,                   0,           0.0057925,           0.0057925,           0.0057925
                  87,            0.046672,            0.037146,                   0,             0.59306,             0.71023,             0.69724,             0.31585,            0.048595,            0.026466,                   0,            0.005743,            0.005743,            0.005743
                  88,            0.045906,            0.038043,                   0,             0.61642,             0.56818,             0.63741,             0.28121,            0.050639,            0.029259,                   0,           0.0056935,           0.0056935,           0.0056935
                  89,            0.047152,            0.038289,                   0,             0.54683,             0.66477,             0.63247,             0.26898,            0.051114,            0.027401,                   0,            0.005644,            0.005644,            0.005644
                  90,            0.047095,            0.038912,                   0,             0.58503,             0.64084,             0.64519,             0.28591,            0.049646,            0.028202,                   0,           0.0055945,           0.0055945,           0.0055945
                  91,            0.046235,            0.038736,                   0,             0.63948,             0.60795,             0.69242,             0.32576,            0.047319,            0.026836,                   0,            0.005545,            0.005545,            0.005545
                  92,            0.046675,            0.039072,                   0,             0.62582,             0.71591,             0.72815,              0.3417,             0.04704,            0.026051,                   0,           0.0054955,           0.0054955,           0.0054955
                  93,            0.045486,            0.037703,                   0,             0.62802,             0.71023,             0.73409,             0.34422,             0.04676,             0.02663,                   0,            0.005446,            0.005446,            0.005446
                  94,            0.046021,            0.038961,                   0,              0.6894,               0.625,             0.69381,             0.32753,             0.04763,            0.029732,                   0,           0.0053965,           0.0053965,           0.0053965
                  95,            0.045801,            0.038377,                   0,             0.68905,             0.64773,             0.72498,             0.31256,             0.04915,            0.026554,                   0,            0.005347,            0.005347,            0.005347
                  96,            0.046512,            0.038757,                   0,             0.58453,               0.625,             0.64958,             0.28313,            0.050556,            0.027271,                   0,           0.0052975,           0.0052975,           0.0052975
                  97,            0.045563,             0.03913,                   0,             0.61475,             0.60795,             0.64527,             0.31514,            0.048644,            0.026184,                   0,            0.005248,            0.005248,            0.005248
                  98,            0.045035,            0.039751,                   0,             0.58011,             0.58089,             0.59394,              0.2781,            0.051128,            0.027332,                   0,           0.0051985,           0.0051985,           0.0051985
                  99,             0.04576,            0.037034,                   0,             0.64404,             0.65341,             0.68053,             0.30257,            0.049721,             0.02689,                   0,            0.005149,            0.005149,            0.005149
                 100,            0.045727,            0.037764,                   0,             0.61965,             0.67614,             0.73213,             0.36598,            0.046932,            0.025368,                   0,           0.0050995,           0.0050995,           0.0050995
                 101,            0.045699,             0.03731,                   0,             0.55105,             0.60227,             0.60966,             0.25533,            0.052295,            0.026836,                   0,             0.00505,             0.00505,             0.00505
                 102,            0.043907,            0.037686,                   0,             0.55616,             0.64773,             0.63957,             0.27586,            0.051247,            0.027409,                   0,           0.0050005,           0.0050005,           0.0050005
                 103,            0.045894,            0.037109,                   0,             0.55973,             0.63636,             0.63267,             0.29404,             0.05006,            0.027412,                   0,            0.004951,            0.004951,            0.004951
                 104,            0.043761,             0.03639,                   0,             0.66308,             0.63636,             0.71378,             0.32986,            0.048149,            0.026802,                   0,           0.0049015,           0.0049015,           0.0049015
                 105,             0.04479,            0.038499,                   0,             0.56911,             0.67045,             0.63775,             0.28634,             0.05056,             0.02697,                   0,            0.004852,            0.004852,            0.004852
                 106,            0.044339,            0.037407,                   0,             0.60001,             0.69889,             0.66258,             0.29249,            0.049867,            0.026878,                   0,           0.0048025,           0.0048025,           0.0048025
                 107,             0.04538,            0.036953,                   0,             0.64273,             0.73596,              0.7459,             0.34196,            0.048083,            0.026154,                   0,            0.004753,            0.004753,            0.004753
                 108,            0.045233,            0.036762,                   0,             0.61866,             0.76136,             0.71596,             0.31736,             0.04869,            0.027267,                   0,           0.0047035,           0.0047035,           0.0047035
                 109,            0.044297,            0.036482,                   0,             0.62277,               0.625,             0.66035,             0.33789,            0.046928,            0.030155,                   0,            0.004654,            0.004654,            0.004654
                 110,            0.044669,            0.038379,                   0,             0.62408,             0.63636,             0.69335,             0.32919,            0.048115,            0.028095,                   0,           0.0046045,           0.0046045,           0.0046045
                 111,            0.043673,            0.036092,                   0,             0.70755,               0.625,             0.68638,             0.34087,            0.047301,            0.029026,                   0,            0.004555,            0.004555,            0.004555
                 112,            0.044869,              0.0366,                   0,             0.66099,             0.63068,             0.68585,             0.31089,            0.048484,             0.02763,                   0,           0.0045055,           0.0045055,           0.0045055
                 113,            0.043661,            0.038742,                   0,             0.63096,             0.68182,             0.71093,             0.32676,            0.048741,            0.026375,                   0,            0.004456,            0.004456,            0.004456
                 114,             0.04384,            0.035247,                   0,             0.61443,             0.67003,             0.67983,             0.30223,            0.049397,             0.02597,                   0,           0.0044065,           0.0044065,           0.0044065
                 115,            0.045534,            0.038101,                   0,             0.58433,             0.56818,             0.59234,             0.25237,            0.051877,            0.029633,                   0,            0.004357,            0.004357,            0.004357
                 116,            0.043975,            0.036632,                   0,             0.57903,             0.60795,             0.63307,               0.317,            0.048225,            0.029068,                   0,           0.0043075,           0.0043075,           0.0043075
                 117,             0.04435,            0.036449,                   0,             0.66245,              0.6579,             0.71369,             0.32824,             0.04804,            0.027542,                   0,            0.004258,            0.004258,            0.004258
                 118,             0.04337,            0.037235,                   0,             0.59668,             0.65341,             0.67062,             0.30475,            0.048563,             0.02729,                   0,           0.0042085,           0.0042085,           0.0042085
                 119,            0.043595,            0.035263,                   0,             0.55419,             0.58625,              0.6196,             0.27826,             0.05007,            0.027412,                   0,            0.004159,            0.004159,            0.004159
                 120,            0.043212,            0.037498,                   0,             0.61356,             0.63636,             0.67113,              0.3038,             0.04896,            0.027359,                   0,           0.0041095,           0.0041095,           0.0041095
                 121,            0.044344,              0.0377,                   0,             0.56153,             0.58523,             0.58993,             0.26385,            0.050867,            0.029255,                   0,             0.00406,             0.00406,             0.00406
                 122,            0.044557,            0.037262,                   0,             0.57116,             0.58523,             0.61029,             0.26406,            0.051607,            0.028229,                   0,           0.0040105,           0.0040105,           0.0040105
                 123,             0.04404,            0.036575,                   0,             0.57847,             0.54545,             0.63224,             0.29811,            0.049039,            0.029163,                   0,            0.003961,            0.003961,            0.003961
                 124,            0.044073,            0.038406,                   0,             0.61262,             0.64773,             0.68525,             0.32976,             0.04765,            0.028545,                   0,           0.0039115,           0.0039115,           0.0039115
                 125,            0.041849,            0.035811,                   0,             0.60828,             0.60795,             0.65837,             0.32625,            0.047413,            0.029324,                   0,            0.003862,            0.003862,            0.003862
                 126,            0.044061,            0.036607,                   0,             0.63963,             0.65909,             0.69154,             0.34191,            0.046863,            0.028324,                   0,           0.0038125,           0.0038125,           0.0038125
                 127,            0.044489,            0.037472,                   0,             0.61143,              0.6875,              0.6835,              0.3148,            0.048102,            0.027618,                   0,            0.003763,            0.003763,            0.003763
                 128,            0.043453,            0.034567,                   0,             0.59625,             0.68182,             0.67727,              0.2964,            0.049066,            0.027256,                   0,           0.0037135,           0.0037135,           0.0037135
                 129,             0.04301,            0.035753,                   0,             0.66593,              0.6456,             0.71222,             0.33147,            0.047441,            0.027122,                   0,            0.003664,            0.003664,            0.003664
                 130,            0.042556,            0.035632,                   0,             0.61838,             0.64205,             0.66738,              0.3082,             0.04851,            0.027943,                   0,           0.0036145,           0.0036145,           0.0036145
                 131,            0.042419,            0.034734,                   0,             0.64904,             0.61932,             0.68757,              0.3261,            0.047837,             0.02779,                   0,            0.003565,            0.003565,            0.003565
                 132,            0.042853,            0.035049,                   0,             0.70551,             0.63636,             0.71878,             0.35774,            0.047059,            0.027946,                   0,           0.0035155,           0.0035155,           0.0035155
                 133,             0.04309,             0.03518,                   0,             0.67276,             0.63636,             0.67429,             0.32997,            0.047901,            0.029613,                   0,            0.003466,            0.003466,            0.003466
                 134,            0.042692,             0.03575,                   0,             0.69629,             0.65131,             0.68533,             0.35074,            0.047023,            0.028709,                   0,           0.0034165,           0.0034165,           0.0034165
                 135,            0.042683,            0.035688,                   0,             0.69379,             0.64205,             0.69686,             0.35416,            0.046638,            0.028244,                   0,            0.003367,            0.003367,            0.003367
                 136,             0.04255,            0.035331,                   0,             0.71775,             0.66462,             0.71257,             0.35935,            0.046451,            0.028385,                   0,           0.0033175,           0.0033175,           0.0033175
                 137,            0.042661,            0.036339,                   0,             0.69419,              0.6707,             0.72753,             0.38541,            0.045443,            0.027988,                   0,            0.003268,            0.003268,            0.003268
                 138,            0.042985,            0.036504,                   0,             0.70673,             0.65341,             0.72418,             0.37468,            0.045972,            0.027943,                   0,           0.0032185,           0.0032185,           0.0032185
                 139,            0.041904,            0.035473,                   0,             0.62396,             0.69766,              0.7099,             0.37536,            0.045353,             0.02747,                   0,            0.003169,            0.003169,            0.003169
                 140,            0.041926,            0.034252,                   0,             0.75433,             0.60795,             0.72387,              0.3751,            0.046354,            0.026913,                   0,           0.0031195,           0.0031195,           0.0031195
                 141,            0.042464,            0.035664,                   0,             0.72915,             0.62713,             0.71811,             0.35654,            0.047604,            0.026665,                   0,             0.00307,             0.00307,             0.00307
                 142,            0.042339,            0.035569,                   0,             0.73201,             0.60795,             0.69581,              0.3298,            0.048502,            0.027229,                   0,           0.0030205,           0.0030205,           0.0030205
                 143,            0.041346,             0.03282,                   0,             0.70206,             0.60795,              0.7119,             0.34315,            0.047647,            0.026794,                   0,            0.002971,            0.002971,            0.002971
                 144,            0.042085,            0.033719,                   0,             0.64539,             0.59659,             0.68021,             0.32528,            0.048819,            0.027378,                   0,           0.0029215,           0.0029215,           0.0029215
                 145,             0.04124,            0.031678,                   0,             0.68092,             0.64263,             0.71169,             0.33781,            0.048204,            0.028187,                   0,            0.002872,            0.002872,            0.002872
                 146,            0.041726,            0.034945,                   0,              0.6922,             0.69001,             0.74746,             0.36234,            0.046673,            0.027248,                   0,           0.0028225,           0.0028225,           0.0028225
                 147,            0.040793,            0.033693,                   0,             0.69197,             0.66373,              0.7259,             0.34716,            0.047591,             0.02726,                   0,            0.002773,            0.002773,            0.002773
                 148,            0.041034,            0.034211,                   0,             0.66055,              0.6875,              0.7271,             0.35859,            0.046792,            0.026997,                   0,           0.0027235,           0.0027235,           0.0027235
                 149,             0.04121,            0.035614,                   0,             0.65908,             0.65341,             0.70582,             0.36028,            0.046555,             0.02705,                   0,            0.002674,            0.002674,            0.002674
                 150,            0.041267,            0.033626,                   0,             0.70217,             0.65639,             0.71744,             0.35933,            0.046533,             0.02726,                   0,           0.0026245,           0.0026245,           0.0026245
                 151,            0.041932,            0.034703,                   0,             0.63335,             0.64205,             0.66439,             0.29365,            0.050494,            0.028378,                   0,            0.002575,            0.002575,            0.002575
                 152,            0.041043,            0.033805,                   0,             0.70283,              0.6316,             0.69079,             0.31435,            0.049219,            0.027897,                   0,           0.0025255,           0.0025255,           0.0025255
                 153,            0.041705,            0.034943,                   0,             0.66016,             0.64773,             0.68803,             0.32281,            0.048695,            0.028587,                   0,            0.002476,            0.002476,            0.002476
                 154,            0.039996,            0.035007,                   0,              0.6959,             0.65341,             0.70638,             0.32614,            0.048339,            0.028046,                   0,           0.0024265,           0.0024265,           0.0024265
                 155,            0.041035,            0.033762,                   0,              0.6729,             0.69886,             0.73533,              0.3489,            0.046969,            0.027794,                   0,            0.002377,            0.002377,            0.002377
                 156,            0.039951,            0.033433,                   0,             0.70603,             0.69596,             0.74224,             0.35111,            0.047103,            0.028107,                   0,           0.0023275,           0.0023275,           0.0023275
                 157,            0.041225,            0.034957,                   0,             0.71065,             0.69886,              0.7577,             0.36222,            0.046845,            0.026745,                   0,            0.002278,            0.002278,            0.002278
                 158,            0.040389,            0.032483,                   0,             0.69966,             0.72159,              0.7526,             0.36868,            0.046774,            0.026402,                   0,           0.0022285,           0.0022285,           0.0022285
                 159,            0.040523,            0.034181,                   0,             0.72891,               0.625,             0.73746,              0.3562,            0.047267,            0.027466,                   0,            0.002179,            0.002179,            0.002179
                 160,            0.040941,            0.033588,                   0,             0.64291,             0.64205,             0.71142,             0.34508,            0.047972,            0.029057,                   0,           0.0021295,           0.0021295,           0.0021295
                 161,            0.040339,            0.032868,                   0,             0.67973,             0.60227,             0.68454,             0.33588,            0.048085,             0.02977,                   0,             0.00208,             0.00208,             0.00208
                 162,            0.039797,            0.032714,                   0,             0.59911,             0.73024,             0.71176,             0.34792,            0.047843,            0.028561,                   0,           0.0020305,           0.0020305,           0.0020305
                 163,            0.040176,            0.034232,                   0,              0.7234,             0.58523,              0.6884,             0.33931,            0.047847,            0.029453,                   0,            0.001981,            0.001981,            0.001981
                 164,            0.040725,            0.033787,                   0,             0.66769,             0.60227,             0.67087,             0.32131,            0.048607,            0.029858,                   0,           0.0019315,           0.0019315,           0.0019315
                 165,            0.039311,            0.034436,                   0,              0.5653,             0.76105,             0.70068,             0.34088,            0.047987,            0.028198,                   0,            0.001882,            0.001882,            0.001882
                 166,            0.040421,            0.033749,                   0,             0.60339,             0.74341,             0.71322,             0.35149,            0.048074,            0.027397,                   0,           0.0018325,           0.0018325,           0.0018325
                 167,            0.039591,            0.032239,                   0,             0.71727,             0.60795,             0.71614,             0.36641,            0.046957,            0.027588,                   0,            0.001783,            0.001783,            0.001783
                 168,            0.039827,            0.033073,                   0,             0.67864,             0.63593,             0.70777,             0.37271,            0.046427,            0.027596,                   0,           0.0017335,           0.0017335,           0.0017335
                 169,            0.039438,            0.033004,                   0,             0.64956,             0.69318,             0.71103,             0.37684,            0.046057,            0.027519,                   0,            0.001684,            0.001684,            0.001684
                 170,            0.039601,            0.032048,                   0,             0.67534,             0.70455,             0.72487,             0.36894,            0.046833,            0.027809,                   0,           0.0016345,           0.0016345,           0.0016345
                 171,            0.040624,            0.034576,                   0,             0.72104,              0.6462,              0.7216,              0.3425,            0.048847,            0.028084,                   0,            0.001585,            0.001585,            0.001585
                 172,            0.039873,            0.033803,                   0,             0.68854,              0.6875,             0.72068,             0.34925,             0.04831,            0.028023,                   0,           0.0015355,           0.0015355,           0.0015355
                 173,            0.039587,            0.033194,                   0,             0.67898,             0.67299,             0.71092,             0.36126,            0.047013,            0.027863,                   0,            0.001486,            0.001486,            0.001486
                 174,            0.039727,            0.032838,                   0,             0.71875,             0.68182,             0.72719,              0.3548,            0.047274,            0.027901,                   0,           0.0014365,           0.0014365,           0.0014365
                 175,            0.040606,            0.034547,                   0,             0.65751,              0.6763,              0.7071,             0.36498,            0.047062,            0.027885,                   0,            0.001387,            0.001387,            0.001387
                 176,            0.039191,            0.032422,                   0,             0.65141,             0.64205,             0.70385,              0.3621,             0.04715,            0.028133,                   0,           0.0013375,           0.0013375,           0.0013375
                 177,            0.039122,            0.031883,                   0,             0.68386,             0.66371,             0.71588,             0.34089,            0.048044,            0.028603,                   0,            0.001288,            0.001288,            0.001288
                 178,            0.039649,            0.032936,                   0,             0.69038,             0.65909,             0.71041,             0.34474,            0.047864,            0.028328,                   0,           0.0012385,           0.0012385,           0.0012385
                 179,            0.039219,            0.032379,                   0,             0.66938,              0.6875,             0.71903,             0.35147,            0.047472,            0.027866,                   0,            0.001189,            0.001189,            0.001189
                 180,            0.039497,            0.032169,                   0,             0.70656,             0.68182,             0.72955,             0.36059,            0.047085,            0.027744,                   0,           0.0011395,           0.0011395,           0.0011395
                 181,            0.039072,            0.032834,                   0,             0.66585,             0.72462,             0.73119,             0.36888,            0.046836,            0.027721,                   0,             0.00109,             0.00109,             0.00109
                 182,            0.039691,            0.032504,                   0,             0.76035,             0.65341,             0.73269,             0.35916,            0.047499,            0.027821,                   0,           0.0010405,           0.0010405,           0.0010405
                 183,            0.039525,            0.034583,                   0,             0.69669,             0.71779,             0.74077,             0.36971,            0.046851,            0.027847,                   0,            0.000991,            0.000991,            0.000991
                 184,            0.038766,            0.033086,                   0,             0.66641,             0.72727,             0.73368,             0.37723,            0.046669,            0.027912,                   0,           0.0009415,           0.0009415,           0.0009415
                 185,             0.03944,            0.032424,                   0,              0.6875,             0.70455,             0.73485,              0.3722,             0.04691,            0.028309,                   0,            0.000892,            0.000892,            0.000892
                 186,            0.039766,            0.033871,                   0,             0.69439,             0.69886,             0.74143,             0.37134,            0.047099,            0.028423,                   0,           0.0008425,           0.0008425,           0.0008425
                 187,            0.038113,            0.032642,                   0,             0.69795,             0.69886,             0.74179,             0.37259,            0.047209,            0.028191,                   0,            0.000793,            0.000793,            0.000793
                 188,            0.037747,            0.031964,                   0,             0.72318,             0.68279,             0.73608,             0.37456,            0.047148,            0.027859,                   0,           0.0007435,           0.0007435,           0.0007435
                 189,            0.038237,            0.032172,                   0,             0.69012,             0.69597,             0.73682,             0.36828,            0.047506,            0.028034,                   0,            0.000694,            0.000694,            0.000694
                 190,            0.038421,            0.032894,                   0,             0.68927,             0.66477,             0.71984,             0.36011,            0.047777,            0.028259,                   0,           0.0006445,           0.0006445,           0.0006445
                 191,            0.038476,            0.031541,                   0,             0.69992,             0.68912,             0.72808,             0.35901,             0.04771,            0.028568,                   0,            0.000595,            0.000595,            0.000595
                 192,            0.038877,            0.033519,                   0,             0.68405,             0.67045,             0.71466,             0.35651,            0.047896,            0.028893,                   0,           0.0005455,           0.0005455,           0.0005455
                 193,            0.038974,            0.033167,                   0,             0.66839,             0.66423,             0.70807,             0.36147,            0.047673,            0.029137,                   0,            0.000496,            0.000496,            0.000496
                 194,            0.038595,            0.032232,                   0,             0.66233,             0.67045,             0.71286,             0.35936,            0.047783,            0.029198,                   0,           0.0004465,           0.0004465,           0.0004465
                 195,            0.038476,            0.031464,                   0,             0.63946,             0.68528,             0.71443,             0.35267,            0.047781,            0.029041,                   0,            0.000397,            0.000397,            0.000397
                 196,            0.039062,            0.034553,                   0,              0.6863,             0.63636,             0.71616,             0.34986,            0.047945,            0.029003,                   0,           0.0003475,           0.0003475,           0.0003475
                 197,             0.03842,            0.030077,                   0,             0.63335,             0.69687,             0.70634,             0.34848,            0.048086,            0.029125,                   0,            0.000298,            0.000298,            0.000298
                 198,            0.037083,            0.032003,                   0,              0.6466,             0.71023,              0.7119,             0.35112,            0.047805,            0.029018,                   0,           0.0002485,           0.0002485,           0.0002485
                 199,            0.038245,            0.031505,                   0,             0.65569,             0.71413,             0.71781,             0.35242,            0.047591,            0.028965,                   0,            0.000199,            0.000199,            0.000199
